[{"assetType":"API","assetObject":{"name":"API Gateway Administration Service[10.2]","id":"14ea8822-0ad4-4546-8b49-f2ed6d92d97c","status":"Success","explanation":"OK"}},{"assetType":"PolicyAction","assetObject":{"name":"Policy Action [Outbound Authentication - Transport] -> Policy For API API Gateway Administration Service[10.2]","id":"f3e23c2c-6b62-4512-a0c4-cc0100aa6c89","status":"Success","explanation":"OK"}},{"assetType":"PolicyAction","assetObject":{"name":"Policy Action [Require HTTP / HTTPS] -> Policy For API API Gateway Administration Service[10.2]","id":"27647110-8b86-40f0-8b5b-0eddc23b7769","status":"Success","explanation":"OK"}},{"assetType":"PolicyAction","assetObject":{"name":"Policy Action [Straight Through Routing] -> Policy For API API Gateway Administration Service[10.2]","id":"ef4371d0-af7e-47ad-9dd5-a69a46f429ec","status":"Success","explanation":"OK"}},{"assetType":"Policy","assetObject":{"name":"Policy For API API Gateway Administration Service[10.2]","id":"14a62a27-690c-4f6d-9394-4704c7f399f1","status":"Success","explanation":"OK"}}]