[{"assetType":"Policy","assetObject":{"name":"Policy For API API Gateway User Management Service[10.2]","id":"6229638c-451f-447f-9ad3-85e6788f687e","status":"Success","explanation":"OK"}},{"assetType":"PolicyAction","assetObject":{"name":"Policy Action [Straight Through Routing] -> Policy For API API Gateway User Management Service[10.2]","id":"7a804f8a-69db-4c24-b772-0725c2ee4884","status":"Success","explanation":"OK"}},{"assetType":"PolicyAction","assetObject":{"name":"Policy Action [Outbound Authentication - Transport] -> Policy For API API Gateway User Management Service[10.2]","id":"0ef6cf49-6bba-4572-8c05-93a115e5042c","status":"Success","explanation":"OK"}},{"assetType":"PolicyAction","assetObject":{"name":"Policy Action [Require HTTP / HTTPS] -> Policy For API API Gateway User Management Service[10.2]","id":"1d3b9cca-89ef-4cf6-8a79-66b5c3449178","status":"Success","explanation":"OK"}},{"assetType":"API","assetObject":{"name":"API Gateway User Management Service[10.2]","id":"640ebeef-f27e-4723-a235-0d958dae903b","status":"Success","explanation":"OK"}}]