[{"assetType":"API","assetObject":{"name":"API Gateway Transactions Data Service[10.2]","id":"53a6f300-482a-47a4-9796-b3bc14e3e867","status":"Success","explanation":"OK"}},{"assetType":"PolicyAction","assetObject":{"name":"Policy Action [Straight Through Routing] -> Policy For API API Gateway Transactions Data Service[10.2]","id":"14f9ca7c-3823-4106-b2cf-3a512a7b4f82","status":"Success","explanation":"OK"}},{"assetType":"PolicyAction","assetObject":{"name":"Policy Action [Outbound Authentication - Transport] -> Policy For API API Gateway Transactions Data Service[10.2]","id":"42543a78-362f-4d4d-9ce1-256fe1ae7f6f","status":"Success","explanation":"OK"}},{"assetType":"PolicyAction","assetObject":{"name":"Policy Action [Require HTTP / HTTPS] -> Policy For API API Gateway Transactions Data Service[10.2]","id":"66ad5c44-342a-45fd-8921-1350de16e9aa","status":"Success","explanation":"OK"}},{"assetType":"Policy","assetObject":{"name":"Policy For API API Gateway Transactions Data Service[10.2]","id":"5ee68dfe-0a9c-4495-b58e-fc5cd5654ef1","status":"Success","explanation":"OK"}}]