[{"assetType":"PolicyAction","assetObject":{"name":"Policy Action [Straight Through Routing] -> Policy For API API Gateway Service Management Service[10.2]","id":"ab479ee9-8370-4ba2-aa9c-3198f7c3b344","status":"Success","explanation":"OK"}},{"assetType":"API","assetObject":{"name":"API Gateway Service Management Service[10.2]","id":"0a68793f-52d4-4c06-9d40-bac58d5be651","status":"Success","explanation":"OK"}},{"assetType":"PolicyAction","assetObject":{"name":"Policy Action [Outbound Authentication - Transport] -> Policy For API API Gateway Service Management Service[10.2]","id":"4486a569-5710-4c1f-833f-32100fb2a84c","status":"Success","explanation":"OK"}},{"assetType":"PolicyAction","assetObject":{"name":"Policy Action [Require HTTP / HTTPS] -> Policy For API API Gateway Service Management Service[10.2]","id":"52a8222e-e897-4620-865d-042f18774ce9","status":"Success","explanation":"OK"}},{"assetType":"Policy","assetObject":{"name":"Policy For API API Gateway Service Management Service[10.2]","id":"10116a04-da59-4f05-a191-0c3c84ecd92e","status":"Success","explanation":"OK"}}]