<?xml version="1.0" encoding="UTF-8"?>
<config>
  <autoConfig>

    <!-- Repeating Scheduler 
    
    	The description must be unique across all schedulers (regardless of their type)
    	
    -->
	<scheduler description="Test entry to server.log for demo purposes (repeating scheduler)">
		<suspendOnUnload>true</suspendOnUnload>
		<autoResume>true</autoResume>
		<deleteOnUnload>false</deleteOnUnload>
        <suspendAfterCreation>false</suspendAfterCreation>
        
		<type>repeating</type> <!-- case-sensitive -->
		<intervalSeconds>60</intervalSeconds>
		<doNotOverlap>true</doNotOverlap>
		<runAsUser>Administrator</runAsUser>
		
		<service>pub.flow:debugLog</service>
		<inputs>
			<!-- fill with input fields for invoked service, if required. Format
				<fieldName>fieldValue</fieldName>
			-->
			<message>Test scheduler (repeating), please remove it</message>
		</inputs>
	</scheduler>
	
	
  
  
  <jms>
    <!-- Connection for performing the setup -->
    <hostname>localhost</hostname>
    <port>6849</port>
    <brokerName>Broker #1</brokerName>
	
	<!-- setup client group on broker -->
	<clientGroup name="MyClientGroup" storageType="GUARANTEED"/>
	
	<!-- setup acls for destination on broker -->
    <aclDest name="Transfer::Topic">
      <allowedClientGroups>
        <clientGroup name="TransferGroup"/>
      </allowedClientGroups>
    </aclDest>
	
	<!-- setup topic on broker -->
	<topic name="JMS::Topics::Event">
      <allowedClientGroups>
        <clientGroup name="MyClientGroup"/>
        <clientGroup name="IS-JMS"/>
      </allowedClientGroups>
    </topic>
  </jms>


  <cacheManager name="MyCacheMgr" autoStart="true" autoShutdown="true" destroyOnShutdown="true" rejoin="false"> 
  
    <cache name="MyCache"
        eternal="false"								      
        maxElementsInMemory="0"						         
        overflowToDisk="false"						
        cacheLoaderTimeoutMillis="30000"			
		timeToIdleSeconds="0"						
		timeToLiveSeconds="0"						
		maxElementsOnDisk="0"						
		logging="false"								
		clearOnFlush="false"						
		copyOnRead="false"							
		copyOnWrite="false"							
		overflowToOffHeap="false"					
		maxMemoryOffHeap=""							
		memoryStoreEvictionPolicy="LRU"				
		diskExpiryThreadIntervalSeconds="120"		
		diskPersistent="false"						
		diskSpoolBufferSizeMB="30"	
		diskAccessStripes="5"
		statistics="false"							
		autoStart="false"							
        autoShutdown="false"						
        destroyOnShutdown="false"				
		>
		
	
    </cache>
  </cacheManager>
  


   
  </autoConfig>
</config>
