[{"assetType":"PolicyAction","assetObject":{"name":"Policy Action [Require HTTP / HTTPS] -> Policy For API API Gateway Archive Service[10.2]","id":"b64fa9ba-fbe2-4445-99f7-de304deedfd0","status":"Success","explanation":"OK"}},{"assetType":"PolicyAction","assetObject":{"name":"Policy Action [Outbound Authentication - Transport] -> Policy For API API Gateway Archive Service[10.2]","id":"cf651607-c310-41a0-980f-4f613bce6a37","status":"Success","explanation":"OK"}},{"assetType":"Policy","assetObject":{"name":"Policy For API API Gateway Archive Service[10.2]","id":"84e7cf50-8ef3-4d4a-833d-542247691b72","status":"Success","explanation":"OK"}},{"assetType":"API","assetObject":{"name":"API Gateway Archive Service[10.2]","id":"fca7c69e-e209-464b-a8fb-8049f0a0b9ed","status":"Success","explanation":"OK"}},{"assetType":"PolicyAction","assetObject":{"name":"Policy Action [Straight Through Routing] -> Policy For API API Gateway Archive Service[10.2]","id":"146cc737-c866-48de-b459-e7ee1ad010aa","status":"Success","explanation":"OK"}}]