[{"assetType":"PolicyAction","assetObject":{"name":"Policy Action [Straight Through Routing] -> Policy For API API Gateway Alias Management Service[10.2]","id":"ec05ccf9-4abb-407a-8cbd-9fad3594c9b8","status":"Success","explanation":"OK"}},{"assetType":"API","assetObject":{"name":"API Gateway Alias Management Service[10.2]","id":"ebfee9e4-331d-4205-b50a-2b7a26c505c4","status":"Success","explanation":"OK"}},{"assetType":"PolicyAction","assetObject":{"name":"Policy Action [Outbound Authentication - Transport] -> Policy For API API Gateway Alias Management Service[10.2]","id":"f230bfbe-3c9c-4e79-842d-a726079ccae1","status":"Success","explanation":"OK"}},{"assetType":"PolicyAction","assetObject":{"name":"Policy Action [Require HTTP / HTTPS] -> Policy For API API Gateway Alias Management Service[10.2]","id":"4e6cbee3-89c0-403f-a257-561ce00730f0","status":"Success","explanation":"OK"}},{"assetType":"Policy","assetObject":{"name":"Policy For API API Gateway Alias Management Service[10.2]","id":"2339d860-8358-4520-82eb-eda0ecb896f1","status":"Success","explanation":"OK"}}]