[{"assetType":"API","assetObject":{"name":"API Gateway Policy Management Service[10.2]","id":"15041103-9bc1-4ec6-a574-5c54cee3467c","status":"Success","explanation":"OK"}},{"assetType":"Policy","assetObject":{"name":"Policy For API API Gateway Policy Management Service[10.2]","id":"5c3fc81f-46dc-46cf-8277-8b4b956153a5","status":"Success","explanation":"OK"}},{"assetType":"PolicyAction","assetObject":{"name":"Policy Action [Straight Through Routing] -> Policy For API API Gateway Policy Management Service[10.2]","id":"59aa191d-612f-4d6b-87d4-cc7923a389a9","status":"Success","explanation":"OK"}},{"assetType":"PolicyAction","assetObject":{"name":"Policy Action [Outbound Authentication - Transport] -> Policy For API API Gateway Policy Management Service[10.2]","id":"b575f157-dd87-4360-8090-34eb856a8816","status":"Success","explanation":"OK"}},{"assetType":"PolicyAction","assetObject":{"name":"Policy Action [Require HTTP / HTTPS] -> Policy For API API Gateway Policy Management Service[10.2]","id":"c5c8e7e1-d2bd-4571-8c39-0afb96f21be6","status":"Success","explanation":"OK"}}]