[{"assetType":"API","assetObject":{"name":"API Gateway Application Management Service[10.2]","id":"3ea19963-ae6d-424b-8810-f76fb2bff8fc","status":"Success","explanation":"OK"}},{"assetType":"PolicyAction","assetObject":{"name":"Policy Action [Outbound Authentication - Transport] -> Policy For API API Gateway Application Management Service[10.2]","id":"8332034a-b403-4e00-96f7-a7576c421007","status":"Success","explanation":"OK"}},{"assetType":"PolicyAction","assetObject":{"name":"Policy Action [Require HTTP / HTTPS] -> Policy For API API Gateway Application Management Service[10.2]","id":"c30c8eac-ff26-47d1-b8d6-a13fec3c7615","status":"Success","explanation":"OK"}},{"assetType":"PolicyAction","assetObject":{"name":"Policy Action [Straight Through Routing] -> Policy For API API Gateway Application Management Service[10.2]","id":"1fdbdaeb-3256-46f6-ba3f-ba42ad17ac7a","status":"Success","explanation":"OK"}},{"assetType":"Policy","assetObject":{"name":"Policy For API API Gateway Application Management Service[10.2]","id":"ec38e9fe-b35f-4a43-897a-46dfdae47b55","status":"Success","explanation":"OK"}}]