[{"assetType":"Policy","assetObject":{"name":"Policy For API API Gateway Search Service[10.2]","id":"afc23eb5-9658-4423-b461-7855816c4e37","status":"Success","explanation":"OK"}},{"assetType":"PolicyAction","assetObject":{"name":"Policy Action [Straight Through Routing] -> Policy For API API Gateway Search Service[10.2]","id":"2d5e6fb2-1676-46bd-98df-a423d1903a84","status":"Success","explanation":"OK"}},{"assetType":"API","assetObject":{"name":"API Gateway Search Service[10.2]","id":"910debd6-b238-4789-833e-0f1f3bd6650d","status":"Success","explanation":"OK"}},{"assetType":"PolicyAction","assetObject":{"name":"Policy Action [Require HTTP / HTTPS] -> Policy For API API Gateway Search Service[10.2]","id":"7d7484e9-327b-4427-bf33-0d118b6b5e9a","status":"Success","explanation":"OK"}}]